{
    "defaultSeverity": "none",
    "extends": [
        "tslint:recommended"
    ],
    "jsRules": {},
    "rules": {
        "no-useless-constructor": false,
        "member-access": true, 
        "member-ordering": [ 
            true,
            {
                "order": [
                    "public-static-field",
                    "public-static-method",
                    "protected-static-field",
                    "protected-static-method",
                    "private-static-field",
                    "private-static-method",
                    "public-instance-field",
                    "protected-instance-field",
                    "private-instance-field",
                    "public-constructor",
                    "protected-constructor",
                    "private-constructor",
                    "public-instance-method",
                    "protected-instance-method",
                    "private-instance-method"
                ]
            }
        ],
        "no-empty-interface": true, 
        "no-parameter-reassignment": true, 
        "prefer-for-of": true, 
        "await-promise": false,
        "curly": true, 
        "forin": true, 
        "no-arg": true, 
        "no-bitwise":false, 
        "no-conditional-assignment": true, 
        "no-console":false,
        "no-debugger": true, 
        "no-duplicate-super": true, 
        "no-empty": true, 
        "no-eval": true, 
        "no-for-in-array": true,
        "no-invalid-template-strings": true, 
        "no-invalid-this": false, 
        "no-null-keyword": false, 
        "no-sparse-arrays": false, 
        "no-string-throw": false, 
        "no-switch-case-fall-through": true,
        "no-unsafe-finally": true, 
        "no-unused-expression": false, 
        "no-use-before-declare": true, 
        "no-var-keyword": false, 
        "radix": true, 
        "restrict-plus-operands": false, 
        "triple-equals": true, 
        "use-isnan": false, 
        "no-default-export": false,
        "no-duplicate-imports": false, 
        "array-type": [
            true,
            "array"
        ], 
        "class-name": true, 
        "import-spacing": true
    },
"rulesDirectory": []
}